Year,Week_Number,mean_return,volatility
2000,01,-1.0378,1.7720215009982243
2000,02,0.3638,1.106168703227496
2000,03,-0.9675,1.4915997005452455
2000,04,-0.8623999999999998,1.8787286392664588
2000,05,-0.5102,1.542850511229134
2000,06,-0.032400000000000165,2.9171676845872265
2000,07,-0.12320000000000002,1.551349799368279
2000,08,0.013249999999999984,1.8678157252077447
2000,09,1.1754,0.9412275495330553
2000,10,0.14419999999999994,2.178026790468841
2000,11,0.23680000000000012,3.5536431587878936
2000,12,0.7962,0.9785160703841302
2000,13,-0.5262,1.955971165431638
2000,14,0.18680000000000002,0.9896518074555313
2000,15,-1.793,2.6877223628939055
2000,16,1.06575,0.9116429765355881
2000,17,0.019399999999999994,2.2101163544030893
2000,18,-0.636,1.5077763428307263
2000,19,0.010199999999999987,1.5772395823082808
2000,20,-1.1394,1.0946713205341592
2000,21,0.758,0.8256654891661636
2000,22,1.49025,1.9117826541389757
2000,23,-0.5714,1.0871063885379388
2000,24,0.32619999999999993,0.7910073956670696
2000,25,-0.384,0.9477750260478486
2000,26,0.07460000000000004,1.5390822914971116
2000,27,0.827,2.450013197243367
2000,28,-0.4436,0.6965039841953526
2000,29,-0.0508,1.854565097266742
2000,30,-0.06179999999999999,0.8318937432148411
2000,31,0.13440000000000002,1.10300874883203
2000,32,0.06959999999999997,1.1332189991347656
2000,33,0.3846,0.6860716434892205
2000,34,-0.258,0.9520995221089023
2000,35,0.4112,1.7170719845131712
2000,36,-1.339,0.9773528874806001
2000,37,-0.9176,0.690555066594982
2000,38,0.5174000000000001,1.845825235497662
2000,39,0.2866,1.0495395657144138
2000,40,-0.35,0.744466587564546
2000,41,-0.21200000000000002,0.7497789674297353
2000,42,-0.04459999999999997,2.6403856347132324
2000,43,0.7276,1.98793820326488
2000,44,0.15779999999999994,2.1701676663336404
2000,45,-0.6910000000000001,1.6231812899365248
2000,46,0.22540000000000004,1.6968763360952384
2000,47,-0.89325,1.1882192207949955
2000,48,0.17279999999999995,2.5760105201648535
2000,49,0.5074,0.6558317619633864
2000,50,0.0928,2.3418505930139952
2000,51,-0.1922,0.6713197449799909
2000,52,0.276,1.4786525397581858
2001,00,0.10499999999999998,2.0877437582232163
2001,01,-0.13720000000000002,1.1075496377138137
2001,02,-0.08350000000000002,1.2156042393257218
2001,03,0.0030000000000000027,0.8714120724433417
2001,04,0.139,0.7174273482381335
2001,05,-0.4332,0.6991170860449629
2001,06,-0.3096,1.1687344865280564
2001,07,-0.4387500000000001,1.3198339226331977
2001,08,0.14620000000000002,0.7873091514773596
2001,09,-0.054199999999999984,1.1544978129039483
2001,10,-1.467,1.5531640286846717
2001,11,-0.493,1.8489998647917745
2001,12,0.7344,3.3314713416146926
2001,13,0.21940000000000004,3.6784249754480514
2001,14,0.7677499999999999,0.6765783398838598
2001,15,0.31300000000000006,1.4153167490000251
2001,16,0.24379999999999996,0.9228194297911158
2001,17,-0.23500000000000004,2.061533773674349
2001,18,0.0014000000000000123,0.5711285319435547
2001,19,0.19119999999999998,1.6207889128446062
2001,20,-0.34500000000000003,1.1295873140222494
2001,21,-0.45975,0.49261978238799947
2001,22,0.06380000000000004,1.868237324324723
2001,23,-0.29279999999999995,1.2556491149998872
2001,24,-0.24779999999999996,1.110238577964214
2001,25,0.07200000000000002,1.4379483648587665
2001,26,-0.91325,1.0409605740212577
2001,27,0.25399999999999995,1.1177739037927124
2001,28,-0.18900000000000003,1.3244325199873341
2001,29,0.007800000000000029,1.40777935060861
2001,30,0.4638,1.4235184227820867
2001,31,-0.1476,1.3007391360299727
2001,32,-0.3734,1.0817390165839447
2001,33,0.587,0.5869706125522811
2001,34,-0.2212,0.5822093266171541
2001,35,-1.3007499999999999,1.5447004833731792
2001,36,0.0,0.0
2001,37,-2.465,1.988628798946651
2001,38,1.9896,2.3324733224626604
2001,39,0.6082,1.9691188892497071
2001,40,-0.11559999999999993,1.5419097898385625
2001,41,-0.457,1.3910176131163832
2001,42,0.7626000000000001,0.8542533582023545
2001,43,0.06939999999999999,1.8877821113677289
2001,44,0.5058,0.9316277153455667
2001,45,-0.3592,1.0721514351993378
2001,46,-0.266,1.402078694890792
2001,47,-0.11459999999999997,1.56563495106618
2001,48,0.4878,1.3497776483554615
2001,49,-0.5096,1.5810117962874282
2001,50,0.10459999999999998,1.3757400917324463
2001,51,0.69575,0.54673050948342
2001,52,0.273,0.0
2002,00,0.318,0.5879957482839481
2002,01,-0.5434,0.6878123290549538
2002,02,-0.28800000000000003,1.0842559660891886
2002,03,-0.1375,0.9744162354969256
2002,04,0.030799999999999994,0.8176715110605236
2002,05,-0.2084,1.019067367743664
2002,06,0.2718,0.7530648710436573
2002,07,-0.2625,0.8158613035722841
2002,08,0.34640000000000004,1.3417260525159374
2002,09,0.4894,1.0254619934449059
2002,10,0.1388,0.7874793330621446
2002,11,-0.2306,0.49059993885038344
2002,12,0.15800000000000003,1.0229043617725624
2002,13,-0.1016,1.4037483036499099
2002,14,-0.07779999999999998,1.068230639890094
2002,15,0.33560000000000006,1.3581232639197371
2002,16,-0.0388,0.7264407752872907
2002,17,0.27159999999999995,0.6125347337090363
2002,18,-0.1046,0.8556382413146341
2002,19,0.2414,0.27930413530773224
2002,20,-0.2266,0.35813796224360245
2002,21,-0.67625,0.9548376389034245
2002,22,-0.38639999999999997,0.963042989694645
2002,23,-0.8413999999999999,1.1171943877410053
2002,24,-0.40499999999999997,1.6285814379391657
2002,25,0.8718,0.391754004446668
2002,26,-0.14150000000000018,3.8940966004111055
2002,27,-1.404,1.8327224285199326
2002,28,-0.4734000000000001,3.3686078430117092
2002,29,-0.057399999999999896,3.6964064711554654
2002,30,0.23360000000000003,3.8142249933636587
2002,31,0.8452,2.7319823754921995
2002,32,0.08980000000000006,1.8386215488783983
2002,33,0.03360000000000003,2.1390048620795605
2002,34,-0.39840000000000003,1.9906670490064378
2002,35,-0.53725,3.63791106497488
2002,36,-0.6498,1.7017105217985813
2002,37,-0.3114,3.027028955923613
2002,38,-0.12059999999999986,2.753891029071412
2002,39,-0.4081999999999999,2.0732496714095965
2002,40,0.7045999999999999,1.3847264350766182
2002,41,1.0426,3.4702871350941553
2002,42,-0.32939999999999997,1.186262323434408
2002,43,-0.19399999999999992,2.0182570450762705
2002,44,0.51,1.5801023701013805
2002,45,0.26759999999999995,1.9187710389726023
2002,46,0.39480000000000004,1.2104514447097827
2002,47,-0.34275,2.5635946604978983
2002,48,-0.7246,1.016710283217397
2002,49,-0.48819999999999997,0.7787475200602567
2002,50,0.4104000000000001,1.9408345627590209
2002,51,-0.5585,0.7224423852460485
2002,52,1.7494999999999998,2.706097651600917
2003,00,0.7795,0.5267945519839778
2003,01,-0.40040000000000003,1.418707087456745
2003,02,-0.40920000000000006,1.4007045370098579
2003,03,-1.1755,1.317077699555598
2003,04,0.7278,2.6971669766627353
2003,05,-0.8144,0.8858777003627533
2003,06,0.2682,0.7524823585971967
2003,07,-0.082,1.2976494133624845
2003,08,-0.34639999999999993,1.5155681442944096
2003,09,-0.6688000000000001,1.1133443761927393
2003,10,0.2981999999999999,3.1755605331972494
2003,11,1.8321999999999998,1.5933551707011213
2003,12,-1.0982,1.9787457390983816
2003,13,0.6716,1.2839144441901102
2003,14,0.05199999999999998,0.40995426574192395
2003,15,0.5677499999999999,2.0841926294531095
2003,16,0.06400000000000002,1.8594854126881448
2003,17,0.6784,0.8832433413278584
2003,18,-0.019200000000000016,1.8237390712489547
2003,19,0.9753999999999999,1.4086034928254296
2003,20,-0.20439999999999997,1.7409993681790927
2003,21,0.44625,0.6353987593105084
2003,22,0.6073999999999999,0.8152437058941331
2003,23,0.19359999999999997,2.0059294105227132
2003,24,0.09819999999999998,1.5885355520100897
2003,25,-0.7288,1.928034932256156
2003,26,0.1905,0.48533871334014417
2003,27,-0.45640000000000003,0.44019007258228804
2003,28,-0.22360000000000008,1.5059785191031112
2003,29,0.7744,1.1249805776101203
2003,30,-0.3926,0.6265064245480648
2003,31,0.14020000000000002,0.770022532137859
2003,32,0.485,0.7622384797423967
2003,33,-0.3112,0.8678762584608476
2003,34,-0.34640000000000004,0.9598053448486313
2003,35,0.62925,0.49285723084885347
2003,36,0.1996,1.1807962567691346
2003,37,0.4901999999999999,1.1261395117835091
2003,38,-0.21479999999999996,0.9034307942504506
2003,39,0.6914,1.742339748728703
2003,40,0.15820000000000004,0.8391562429011655
2003,41,0.24079999999999996,0.8535556220891524
2003,42,-0.278,0.6000820777193734
2003,43,0.38099999999999995,0.9394426539177364
2003,44,-0.04019999999999999,0.585209107926389
2003,45,0.198,1.0979574217609716
2003,46,-0.10140000000000002,1.4642620325611124
2003,47,0.533,0.842553658034114
2003,48,0.19419999999999996,1.1953669729417824
2003,49,0.1888,0.6955952127494841
2003,50,1.0111999999999999,1.861970381074844
2003,51,0.32175,0.16985950076460254
2003,52,0.652,0.7676118810961695
2004,00,-0.064,0.0
2004,01,0.375,1.139874554501503
2004,02,-0.35459999999999997,0.4922949319259746
2004,03,0.12550000000000006,1.8862079242048935
2004,04,-0.18980000000000002,0.7978406482500124
2004,05,0.3234,0.8367217578143883
2004,06,0.2942,0.9712616537267391
2004,07,0.40425,2.0331219630574715
2004,08,0.013200000000000012,0.5212347839505724
2004,09,0.11699999999999997,1.2503505508456418
2004,10,-0.8394,1.3887427047513157
2004,11,-0.13120000000000004,1.5885111582862743
2004,12,-0.16239999999999996,1.1591526215300554
2004,13,0.7554000000000001,0.585743373842163
2004,14,0.125,0.2692594783228005
2004,15,-0.07459999999999996,1.7667663399555698
2004,16,-0.009599999999999987,0.8269001148869192
2004,17,-0.5138,1.0101099940105533
2004,18,-0.029199999999999983,1.5262125343476904
2004,19,-0.26620000000000005,1.1480710779389924
2004,20,0.11800000000000002,0.5139688706526885
2004,21,0.592,0.8824228011559991
2004,22,0.314,0.4491488246301738
2004,23,0.37800000000000006,1.4070110163037104
2004,24,-0.04,1.495567617996592
2004,25,-0.12079999999999998,0.7489070035725398
2004,26,-0.3696,0.9648104995282752
2004,27,0.3025,1.160043821011373
2004,28,-0.2072,1.1118694617624858
2004,29,-0.4022,0.8599908139044277
2004,30,0.21800000000000003,0.5306236896332466
2004,31,-0.16199999999999998,0.903735857427379
2004,32,-0.023800000000000023,0.719714318323597
2004,33,0.1924,0.48477757786432324
2004,34,0.1406,0.6530702871820153
2004,35,0.002200000000000024,0.7600017763137136
2004,36,0.43875,0.5183128881283968
2004,37,0.06280000000000001,0.546692509551759
2004,38,0.05380000000000003,1.0555617935488193
2004,39,0.30920000000000003,0.9117459624259381
2004,40,0.15739999999999998,0.1629257499599127
2004,41,-0.10640000000000001,0.6656431476399347
2004,42,0.0738,0.6028417702847074
2004,43,0.24059999999999998,0.4187132670456
2004,44,0.8548,0.3433550640372149
2004,45,0.2082,0.989853625542686
2004,46,-0.3064,0.3394588340285166
2004,47,0.5269999999999999,0.42787459221910645
2004,48,0.48340000000000005,1.1348291941962014
2004,49,-0.48580000000000007,0.571374833187462
2004,50,0.383,1.0159335608198008
2004,51,0.202,0.5063621892150585
2004,52,0.1676,0.522963956693002
2005,01,-0.466,0.8170642569590226
2005,02,-0.2814,0.869717942783751
2005,03,-0.07100000000000001,0.4067030038410503
2005,04,0.3678,0.7063060243265663
2005,05,0.3832,0.6492050523524905
2005,06,0.26639999999999997,0.6083710216635898
2005,07,0.4464,0.6190802048200217
2005,08,0.028749999999999998,0.7474237419295697
2005,09,0.1848,0.9851039031493074
2005,10,-0.26539999999999997,0.49191340701387676
2005,11,-0.1822,0.4664216976085053
2005,12,-0.5277499999999999,1.1444732048705495
2005,13,-0.01020000000000001,0.46593314971141514
2005,14,0.386,0.5193356332854505
2005,15,-0.5344,0.9982921916953974
2005,16,0.11920000000000001,1.3888670562728456
2005,17,-0.10660000000000003,1.0855833915457622
2005,18,0.3578,0.8659484395736272
2005,19,-0.5202,0.4524369569343335
2005,20,0.08080000000000001,0.7315956533495808
2005,21,0.11340000000000001,0.597615511846873
2005,22,-0.222,0.6732790407154129
2005,23,0.1698,0.6338175605014427
2005,24,0.37839999999999996,0.6746171506862244
2005,25,-0.2084,0.33292236332214153
2005,26,-0.16540000000000002,0.5000092999135116
2005,27,-0.026749999999999996,0.5359685158663707
2005,28,0.046600000000000016,0.6720139879496557
2005,29,-0.099,0.6293524449781696
2005,30,0.2808,0.7568016252625255
2005,31,0.4506,0.6846077709170412
2005,32,0.5668,0.41773520320892277
2005,33,-0.36819999999999997,0.7063927377882646
2005,34,-0.23479999999999998,0.6561102803645131
2005,35,0.8230000000000001,0.8350062874014782
2005,36,0.235,0.72277843539128
2005,37,-0.1008,0.763608014625305
2005,38,-0.4164,0.5337816032798433
2005,39,0.04379999999999999,0.5840523949099088
2005,40,-0.4462,0.4124732718613413
2005,41,-0.17040000000000002,0.8356119314610102
2005,42,-0.5892,1.1552249564478774
2005,43,0.5025999999999999,0.8575816579195242
2005,44,0.5018,0.975262118612222
2005,45,0.054000000000000006,0.35002285639655023
2005,46,-0.18939999999999996,0.8582582944545308
2005,47,0.09475,0.46915624618386287
2005,48,0.3014,0.9292934412767584
2005,49,0.21200000000000002,0.6738089491836688
2005,50,0.17939999999999995,0.8414103041917185
2005,51,-0.04160000000000001,0.371952685163046
2005,52,-0.18575,0.647725443378597
2006,01,1.3407499999999999,1.5227049123188643
2006,02,-0.02799999999999998,0.7933946054769971
2006,03,-0.513,0.7632299784468637
2006,04,0.64,0.5081820539924644
2006,05,-0.2822,0.7718271827293983
2006,06,0.012799999999999988,0.7953764517509931
2006,07,0.09299999999999997,0.495728252170481
2006,08,0.1275,0.3180151987982126
2006,09,0.10300000000000002,0.6570079908189853
2006,10,-0.03860000000000004,0.6401076471969382
2006,11,0.6408,0.5516119106763377
2006,12,0.054000000000000006,1.1058417608319917
2006,13,-0.28019999999999995,1.1517919516996113
2006,14,0.24020000000000002,0.8835364734972745
2006,15,0.12325,0.5650831059823561
2006,16,0.6692,1.101406918445676
2006,17,0.2448,0.409347896049314
2006,18,0.6050000000000001,1.2307800372121738
2006,19,-0.3612,0.9060762661056739
2006,20,-0.827,1.3120293441840392
2006,21,0.1698,1.321930671404518
2006,22,0.31425000000000003,1.2277183105256677
2006,23,-1.1834,0.7726970945978766
2006,24,0.19680000000000003,2.6461053833889534
2006,25,-0.017399999999999992,0.8102291651131796
2006,26,0.8795999999999999,1.7263333397695824
2006,27,-0.046000000000000006,0.6605013247526458
2006,28,-0.5632,1.1022507427985704
2006,29,0.1452,1.4668396981265541
2006,30,0.9649999999999999,0.581257258019201
2006,31,0.13319999999999999,0.9520053571277842
2006,32,-0.23939999999999997,0.5176468873662817
2006,33,0.37220000000000003,0.7150903439426377
2006,34,-0.06340000000000001,0.4452339834289382
2006,35,0.3926,0.44653644868028414
2006,36,-0.7484999999999999,0.8716017821612497
2006,37,0.13580000000000003,1.2277264353266977
2006,38,0.02139999999999994,0.8930337619597593
2006,39,0.166,0.3552393559278026
2006,40,0.1472,0.5651390979219186
2006,41,0.36960000000000004,0.3067675015382171
2006,42,0.293,0.46153277240083396
2006,43,0.03699999999999999,0.6674597366133781
2006,44,0.123,0.34194078434723163
2006,45,0.31260000000000004,0.5716303875757481
2006,46,-0.1628,0.4294923747867941
2006,47,0.09725,0.25748058179210326
2006,48,0.25139999999999996,0.8469405528134781
2006,49,0.3472,0.4465732862588178
2006,50,0.1264,0.59960386923368
2006,51,-0.1306,0.6998026864766954
2006,52,0.3145,0.7845892768406495
2007,00,-0.5096666666666666,1.2826715609747235
2007,01,0.36439999999999995,0.8265230184332436
2007,02,0.22425000000000003,0.5989760011886954
2007,03,-0.166,0.9479551677162797
2007,04,0.2882,0.24582961579110033
2007,05,-0.16740000000000005,0.5533392268762446
2007,06,0.2372,0.5758443366049544
2007,07,0.14925,0.9088892030018474
2007,08,-1.3826,2.256954651737602
2007,09,0.8368,1.7029312082406618
2007,10,-0.2892,0.9907874141308014
2007,11,0.9789999999999999,1.3071971924694452
2007,12,-0.055799999999999995,0.7265708499520195
2007,13,0.33299999999999996,0.7962633567691868
2007,14,0.33540000000000003,0.5579142407216363
2007,15,0.25040000000000007,0.6204355728034943
2007,16,-0.1982,0.6744532600558766
2007,17,0.48739999999999994,0.5740682015231291
2007,18,-0.20440000000000005,1.4380788573649221
2007,19,0.23019999999999996,0.5166659462360568
2007,20,-0.12360000000000002,0.7496627908599972
2007,21,0.276,0.4825771095552157
2007,22,-0.4584,1.2835619579903417
2007,23,0.4554,0.9867004611329621
2007,24,-0.28759999999999997,0.8931737233035911
2007,25,0.26139999999999997,0.5385190804419097
2007,26,0.41025,0.6851692613264745
2007,27,0.3358,1.3137723166515574
2007,28,-0.23440000000000003,0.6504815908232915
2007,29,-1.5454,1.7536203408948017
2007,30,0.2048,1.2606957206241323
2007,31,-0.40360000000000007,2.1452699830091317
2007,32,-0.2800000000000001,1.9555496669734571
2007,33,0.8522000000000001,1.338515857209021
2007,34,0.20839999999999992,2.311607406113763
2007,35,-0.07125000000000009,1.627737361083374
2007,36,0.05360000000000005,1.8045604173870158
2007,37,0.5915999999999999,2.432163399116104
2007,38,0.24440000000000003,0.6288030693309313
2007,39,0.5042,1.006336772656152
2007,40,0.2378,0.952420705360819
2007,41,-0.6046,1.5493009068608976
2007,42,0.7128,1.0158485123284868
2007,43,0.024999999999999977,1.5703157325837374
2007,44,-0.9860000000000001,2.111625085094416
2007,45,-0.2202,2.45596980844635
2007,46,-0.14975000000000005,3.239265490302804
2007,47,0.504,2.2976277984042586
2007,48,0.2768,1.1137415319543398
2007,49,-0.6963999999999999,2.3604731093575286
2007,50,0.01419999999999999,1.2511541471777168
2007,51,0.17975000000000002,0.37725179478256515
2007,52,-1.271,0.0
2008,00,-0.8583333333333333,1.5001867661505794
2008,01,-0.74,1.0109933234200905
2008,02,-0.8725999999999999,1.568439766137036
2008,03,0.11249999999999999,1.5352136659110351
2008,04,0.6849999999999999,0.9240313847483753
2008,05,-1.167,1.4831330014533424
2008,06,0.33499999999999996,1.3005735273332302
2008,07,0.49774999999999997,0.7113992667037734
2008,08,-0.03280000000000003,1.7975401803575908
2008,09,-0.2834,0.5979709859182133
2008,10,-0.16020000000000004,2.025597738940286
2008,11,-0.5569999999999999,3.8551270623244918
2008,12,0.5456000000000001,1.2043406079676962
2008,13,1.1022,1.3952263973993613
2008,14,-0.6288,1.2058246970434798
2008,15,0.982,1.3916003377406891
2008,16,-0.023599999999999975,0.7621602849794786
2008,17,0.1584,0.7382518540444041
2008,18,-0.15779999999999997,1.2698238854266366
2008,19,0.4974,1.2542144154808617
2008,20,-0.5526,1.1894777425408178
2008,21,-0.1305,0.43160591593103387
2008,22,-0.5292,1.7333867716121523
2008,23,-0.4129999999999999,1.1613606244401435
2008,24,-0.35760000000000003,1.0201364124468846
2008,25,-1.0016,1.5980115143515081
2008,26,0.47025000000000006,2.9370209822199094
2008,27,-0.5652,1.2690572091123393
2008,28,0.4411999999999999,1.2313712681397109
2008,29,-0.1344,1.2073130497099747
2008,30,-0.14959999999999998,1.7318921155776419
2008,31,0.08399999999999999,1.831198651157214
2008,32,-0.7776,0.7329916779882293
2008,33,0.002800000000000036,0.8434925607259378
2008,34,0.1718,1.0275238196752423
2008,35,-1.921,1.5338941727946336
2008,36,0.7407999999999999,2.2194429931854525
2008,37,0.24299999999999997,4.791590758819037
2008,38,-0.8102,1.7367127569059888
2008,39,-1.7974,6.750693764347484
2008,40,-4.1888000000000005,1.7943445042688986
2008,41,0.8122,9.64895430603752
2008,42,-2.6224,5.702358836481618
2008,43,3.2326,8.62510265446157
2008,44,-0.15900000000000017,7.111214066529006
2008,45,-2.1002,5.355844910002529
2008,46,-1.1952,4.49406538670723
2008,47,3.2952500000000002,3.667729213468919
2008,48,-1.1778,6.086734814331901
2008,49,1.0406,2.142239902531927
2008,50,-0.42440000000000005,3.5970226994001577
2008,51,0.08374999999999999,1.199573361658219
2008,52,1.532,2.3290229711190054
2009,00,0.408,0.0
2009,01,0.26020000000000004,2.9026241058738558
2009,02,-1.8306,2.279400864262361
2009,03,-1.9284999999999999,5.5967877394090975
2009,04,1.2874,2.9311556253464266
2009,05,1.2752000000000001,3.341822810982055
2009,06,-1.1148,2.6842902600128773
2009,07,-1.61625,2.0886514588764364
2009,08,-0.7809999999999999,2.117772060444655
2009,09,-1.4815999999999998,3.913522556470066
2009,10,1.4278,3.2950721843383035
2009,11,0.7017999999999999,1.2755401600890501
2009,12,0.2854,4.3023059282203535
2009,13,1.8694,2.869404084474684
2009,14,-0.5985,2.439123408112021
2009,15,0.5952,1.391226868630706
2009,16,0.03539999999999992,3.609440510660897
2009,17,1.0934,1.8682211592849494
2009,18,1.6969999999999998,2.6334812511198935
2009,19,-0.9513999999999999,2.734315508495682
2009,20,1.0848,2.0560587783426816
2009,21,1.10975,1.2101056083389305
2009,22,-0.33980000000000005,2.5926435736521904
2009,23,0.575,0.8643595895227865
2009,24,-0.33260000000000006,1.983235941586376
2009,25,-0.4018,1.9517769339758066
2009,26,-0.18049999999999994,1.7035724228808118
2009,27,-0.6748,1.6644028058135447
2009,28,1.4242000000000001,2.06709934449218
2009,29,1.0939999999999999,1.167840742567239
2009,30,0.14659999999999995,1.2693048491201786
2009,31,0.7148000000000001,1.8257086843195989
2009,32,-0.07339999999999999,1.3788041195180702
2009,33,0.5017999999999999,2.196193115370322
2009,34,0.027600000000000024,0.5537285436023685
2009,35,0.008800000000000007,1.4741186180223083
2009,36,0.963,1.0318678856003483
2009,37,0.255,0.7736598089599848
2009,38,-0.7819999999999999,1.3938154468938848
2009,39,-0.4282,1.2335642261349833
2009,40,0.5954,0.8014145618841725
2009,41,0.8328000000000001,1.1330422322226124
2009,42,-0.031400000000000004,1.2245510605932282
2009,43,-0.7086000000000001,2.440336308790245
2009,44,0.8516,0.548870476524289
2009,45,0.659,1.6898362346689102
2009,46,-0.25360000000000005,1.6956759124313818
2009,47,0.298,1.7081851968292745
2009,48,-0.02120000000000004,1.9322960953228674
2009,49,-0.5178,1.0535835040470214
2009,50,-0.18860000000000002,1.5507150931102724
2009,51,0.5575,0.6367566254072273
2009,52,-0.014250000000000013,0.5532777331503591
2010,01,0.5644,0.8577565505433346
2010,02,0.03860000000000001,0.8240466006240181
2010,03,-1.5322500000000001,2.0749994979919073
2010,04,-0.3067999999999999,1.86298717118503
2010,05,-0.6723999999999999,2.4573992960038056
2010,06,0.3449999999999999,1.7197560873565765
2010,07,0.64375,1.2992506494129605
2010,08,-0.3064,1.033689653619499
2010,09,0.893,1.336587258655416
2010,10,0.1276,0.8619624701806917
2010,11,-0.14420000000000002,1.1772016394823785
2010,12,0.002800000000000036,0.8468926732473246
2010,13,0.9435,0.7402533350144396
2010,14,0.19580000000000003,0.929484104221261
2010,15,0.017600000000000015,1.1867802239673528
2010,16,-0.042200000000000015,1.173718748252749
2010,17,-0.9456000000000001,2.1219815739068046
2010,18,-2.1234,1.8184272875207301
2010,19,0.18119999999999994,3.257276423639848
2010,20,-0.6196,2.630736550854152
2010,21,0.38680000000000003,3.391540166355103
2010,22,-0.54225,2.6754299810186275
2010,23,0.6278,1.917246515187862
2010,24,0.6548,1.1389708951505302
2010,25,-0.47539999999999993,1.1152184987705323
2010,26,-0.6732,2.6840005029805787
2010,27,1.44125,1.4985068957688072
2010,28,0.19399999999999995,1.9210936989121588
2010,29,0.937,1.482344764216476
2010,30,0.146,0.7772538195467424
2010,31,0.8026,1.5751096152331747
2010,32,-0.7827999999999999,2.022204292350305
2010,33,-0.38760000000000006,1.1537611537922396
2010,34,0.12600000000000006,1.2916057835113621
2010,35,0.767,1.8554936000967506
2010,36,0.16424999999999998,1.26880399720892
2010,37,0.36579999999999996,0.7973291039464193
2010,38,0.5854,1.5508521206098278
2010,39,0.027799999999999957,0.9640838656465526
2010,40,0.40980000000000005,1.0283529063507333
2010,41,0.2132,0.6867744899164498
2010,42,-0.23840000000000008,1.3836785392568607
2010,43,0.1322,0.8280514476770148
2010,44,0.9391999999999999,1.2864754952971318
2010,45,-0.4391999999999999,0.5974417963283118
2010,46,-0.2264000000000001,1.9307600316973623
2010,47,-0.9725,1.8009585410737992
2010,48,0.5974,1.8329283401158922
2010,49,0.3604,0.22621295276796155
2010,50,-0.18100000000000002,0.9456024534655143
2010,51,0.2805,0.28993390051297324
2010,52,0.1406,0.7174442835509947
2011,01,-0.14820000000000003,0.7081996187516624
2011,02,0.6224,0.9258481516965943
2011,03,-0.31675000000000003,1.4857187654465431
2011,04,-0.2772,1.5229734731767326
2011,05,0.9019999999999999,1.101867278759107
2011,06,0.178,0.617536233754749
2011,07,0.3056,0.37030770988463096
2011,08,-0.40825,1.8392647761175298
2011,09,0.11839999999999995,1.4803308076237556
2011,10,-0.7016,1.3014001306285472
2011,11,-0.2375999999999999,2.437520112737534
2011,12,0.40140000000000003,0.9573908815107861
2011,13,0.3926,0.7881051960239825
2011,14,0.4272,0.535903162894193
2011,15,-0.19119999999999998,0.9537209759672899
2011,16,0.49875,1.782863123368327
2011,17,0.4154,0.7084950952547237
2011,18,-0.9336,1.1067487519758041
2011,19,-0.1496,1.0747484822040922
2011,20,0.15540000000000004,0.5415757564736443
2011,21,0.25060000000000004,1.610597497824953
2011,22,-0.30250000000000005,1.6806678236145693
2011,23,-0.5331999999999999,1.6137915602704085
2011,24,-0.26119999999999993,1.6455426764444612
2011,25,-0.2536,1.3051640893006518
2011,26,1.1746,0.33632766761002586
2011,27,-0.06875,0.43181120488781516
2011,28,-0.4866,1.487845186839007
2011,29,0.66,1.192331749136959
2011,30,-0.3726,1.2362996400549504
2011,31,-1.7692,3.213686310142917
2011,32,0.18659999999999996,6.805536885507271
2011,33,-0.9694,2.5397047663065093
2011,34,0.4981999999999999,2.3452211409587793
2011,35,0.3026,1.776874446887005
2011,36,-0.86275,2.5272312089188307
2011,37,0.7438,0.9326374965655199
2011,38,-1.6686,2.401672188288818
2011,39,0.10859999999999995,2.607854635519396
2011,40,0.9596,2.016580967876073
2011,41,1.1834,1.569707552380379
2011,42,0.18339999999999995,1.8154183539889643
2011,43,0.966,2.096304605728853
2011,44,-0.5664,2.660458287588813
2011,45,-0.015599999999999881,3.271123629580514
2011,46,-0.993,0.9486466676270991
2011,47,-1.54725,1.3845772820612074
2011,48,1.6977999999999998,2.3337790598083616
2011,49,0.2446,1.7553519020412973
2011,50,-0.8710000000000001,1.1335371630431885
2011,51,0.7852,1.4925996449148713
2011,52,0.006999999999999992,1.3915387166730215
2012,01,0.1685000000000001,1.947483590003606
2012,02,-0.19380000000000003,0.986550150777952
2012,03,0.829,0.4684129232489927
2012,04,0.18139999999999998,0.618169313376198
2012,05,0.7956000000000001,1.5666040661251968
2012,06,-0.286,0.7113406357013495
2012,07,0.4176,0.8275828055246194
2012,08,0.13050000000000003,0.8447928740229761
2012,09,-0.09720000000000002,1.101625934698344
2012,10,-0.33,1.8349717981484075
2012,11,0.48660000000000003,1.0906714904131307
2012,12,-0.3162,0.7772697086597419
2012,13,-0.12160000000000001,1.13438366525616
2012,14,-0.5102500000000001,1.9403756294422307
2012,15,-0.20780000000000004,2.0927032039923867
2012,16,0.7776,0.6809385434824496
2012,17,0.2778,0.9365330746962438
2012,18,-0.5814,0.9234280156027322
2012,19,-0.4306,1.102328580777982
2012,20,-1.3716,0.5140382281503973
2012,21,0.18360000000000004,1.1646711123746478
2012,22,-0.806,1.7301574109504216
2012,23,0.9438000000000001,1.259167463048502
2012,24,0.46699999999999997,1.5009728511868563
2012,25,0.025000000000000022,1.825452135773491
2012,26,0.3574,1.5715230828721543
2012,27,0.11099999999999997,0.9885629300487989
2012,28,0.11499999999999999,1.1120112409503782
2012,29,-0.04279999999999999,1.2042357327367428
2012,30,0.19840000000000005,2.0331937438424306
2012,31,0.35919999999999996,1.6859850829707834
2012,32,0.41259999999999997,0.39795137893968907
2012,33,0.07020000000000001,0.37132896466610305
2012,34,-0.22080000000000002,0.2863087494297022
2012,35,-0.11640000000000002,0.5284745026962039
2012,36,0.66225,1.247621303387637
2012,37,0.6044,0.9040339042314729
2012,38,-0.167,0.41412799953637525
2012,39,-0.44980000000000003,0.9523180666143009
2012,40,0.31059999999999993,0.7299724652341347
2012,41,-0.2712,0.6850877316081496
2012,42,0.1752,0.966893324002188
2012,43,-0.07419999999999996,1.1645585859028305
2012,44,0.005333333333333338,1.232000946969333
2012,45,-0.38700000000000007,1.0421703315677335
2012,46,-0.42160000000000003,0.5216543875019168
2012,47,1.07075,0.8047452495458838
2012,48,0.16060000000000002,0.5910637021506226
2012,49,0.19160000000000002,0.16735381680738567
2012,50,0.1342,0.29604678684289076
2012,51,0.1396,0.7112403250660075
2012,52,-0.2525,0.4638458795763955
2012,53,1.586,0.0
2013,00,0.4486666666666666,1.2149404649337074
2013,01,0.1,0.5757521168002772
2013,02,-0.13099999999999998,0.4062714609716021
2013,03,0.41100000000000003,0.34698799210731585
2013,04,0.023000000000000013,0.5570143624719205
2013,05,-0.13840000000000002,0.814943433619782
2013,06,-0.1192,0.5117515998997951
2013,07,-0.21625000000000003,1.0369797088982342
2013,08,-0.20359999999999995,1.399089096519589
2013,09,0.2242,0.6010891780759325
2013,10,0.2466,1.05351663489477
2013,11,-0.04239999999999999,0.605557016308126
2013,12,0.015249999999999986,0.7132201039417403
2013,13,-0.1964,0.5675432142136844
2013,14,0.37439999999999996,0.5507438606103567
2013,15,-0.47400000000000003,1.400192308220553
2013,16,0.7676000000000001,0.5541374378256716
2013,17,0.3944,0.6288507772118915
2013,18,0.1684,0.483251280391475
2013,19,0.094,0.3216107896200001
2013,20,-0.22760000000000002,0.5577125603749659
2013,21,-0.4175,1.0732696150859142
2013,22,0.057600000000000026,1.016645611803838
2013,23,-0.12479999999999994,0.850224499764621
2013,24,-0.8495999999999999,1.5586139034411313
2013,25,0.01639999999999999,0.9012187858672277
2013,26,0.34,0.7324220094999876
2013,27,0.6558,1.1367241090079863
2013,28,0.4084,0.4224178026551437
2013,29,0.0642,0.34916715194874787
2013,30,0.11779999999999999,0.6545878092357053
2013,31,0.0958,0.5901128705595227
2013,32,-0.08120000000000001,0.818347847800677
2013,33,-0.008799999999999964,0.6819539573900866
2013,34,-0.4096,0.9052603492918487
2013,35,0.73075,0.6078082894027249
2013,36,0.5162,0.4336083486281139
2013,37,0.10640000000000001,1.1499327371633525
2013,38,-0.0806,0.3435713899613878
2013,39,-0.244,0.4122499241964757
2013,40,0.08919999999999999,1.339989067119579
2013,41,0.5784,0.7535746811033396
2013,42,0.36740000000000006,0.7451045564214461
2013,43,-0.2446,0.2568176395810849
2013,44,0.06299999999999997,0.9659655790968952
2013,45,0.030600000000000006,0.5255105136912105
2013,46,0.119,0.5825869033886704
2013,47,0.062249999999999986,0.554591366082572
2013,48,-0.25179999999999997,0.8648284222896471
2013,49,-0.4774,0.5174507706052819
2013,50,0.5956,0.9722017794676165
2013,51,0.7625,0.49359396268593075
2013,52,0.33699999999999997,0.2036467529817257
2014,00,-0.5985,0.9142890680742061
2014,01,0.13620000000000002,0.48475787770803686
2014,02,0.09959999999999998,0.949018861772515
2014,03,-0.6032500000000001,1.8809365353461558
2014,04,-0.44299999999999995,0.8720123278945086
2014,05,0.3183999999999999,1.4780902543484955
2014,06,0.5886,0.6718443272068315
2014,07,0.49100000000000005,0.7978166038215383
2014,08,0.029999999999999992,0.677223375261073
2014,09,-0.221,1.2127594567761573
2014,10,-0.7516,0.6609022620630074
2014,11,-0.06739999999999999,0.7341384746762697
2014,12,0.347,0.7708320180168958
2014,13,0.058800000000000005,0.34357633795126236
2014,14,-0.12140000000000002,1.150011652114882
2014,15,0.547,0.5451519665805735
2014,16,0.172,0.27497181673764315
2014,17,0.48979999999999996,0.5210443359254565
2014,18,0.0654,0.31969172651165056
2014,19,0.1754,0.4212704594438114
2014,20,-0.13579999999999998,0.6653624576123903
2014,21,0.02400000000000002,0.5024440267333268
2014,22,0.11099999999999999,0.4026623896020089
2014,23,-0.064,0.12380428102452677
2014,24,0.21059999999999998,0.27930413530773224
2014,25,-0.12240000000000002,0.5990215355060283
2014,26,0.5237499999999999,0.33430562364399435
2014,27,-0.5496,0.5906168808965757
2014,28,0.1472,0.8298341400545052
2014,29,-0.008800000000000007,0.3789362743259082
2014,30,-0.61,0.6654949286057709
2014,31,-0.22680000000000003,0.6445833538030594
2014,32,0.2886,0.22697422761185904
2014,33,0.06,0.4718564400323471
2014,34,0.1976,0.6557467498966351
2014,35,-0.21825,0.6548996742504407
2014,36,-0.32080000000000003,1.1700229484928917
2014,37,0.21959999999999996,0.46986412929697025
2014,38,-0.6258,1.0029941176298094
2014,39,-0.7442,0.49441551351065033
2014,40,-0.5496000000000001,2.1039010908310303
2014,41,0.017200000000000014,1.2443734166238043
2014,42,0.36000000000000004,0.9467977608761017
2014,43,0.321,0.7516568365949984
2014,44,-0.03919999999999999,0.843827707532764
2014,45,-0.030199999999999966,0.6099235197957199
2014,46,0.2526,0.38659772373877216
2014,47,-0.19175,1.0872599735113953
2014,48,0.06400000000000002,0.488698782482625
2014,49,-1.3974,0.9156523903752997
2014,50,1.0064,1.3762529927306244
2014,51,0.11074999999999999,0.7167814055437914
2014,52,-0.6930000000000001,0.1613722404876378
2015,00,-0.943,0.0
2015,01,-0.29280000000000006,1.6879966528402834
2015,02,0.2298,0.9607011502022884
2015,03,0.57325,0.7121565253977995
2015,04,-0.169,1.3482369969704882
2015,05,0.5793999999999999,1.5400731476134504
2015,06,0.3776,0.8875952343269988
2015,07,0.23775000000000002,0.3719313332682078
2015,08,0.010800000000000018,0.40484404404659335
2015,09,-0.5888,1.0711504096064195
2015,10,-0.7041999999999999,1.3475576796560509
2015,11,1.0304,1.708700763738344
2015,12,-0.5144,0.5481576415594333
2015,13,-0.15974999999999998,1.0742806507922715
2015,14,0.4466,0.37753979922651865
2015,15,0.22759999999999997,0.8813814724624066
2015,16,0.49420000000000003,0.21613352354505305
2015,17,-0.09179999999999998,0.6345637871798232
2015,18,0.4574,1.8892218768583007
2015,19,0.1948,0.7277820415481547
2015,20,-0.13820000000000002,0.8951311077155122
2015,21,-0.46875,1.0623001380651955
2015,22,-0.4894,0.6757701532325913
2015,23,0.29100000000000004,1.2795864566335484
2015,24,0.11680000000000001,0.6918700745082128
2015,25,0.0065999999999999835,0.6937328736624782
2015,26,-0.686,1.5462606507313055
2015,27,0.06060000000000008,2.0689666019537385
2015,28,0.3892,0.6009319429020228
2015,29,-0.8106,0.5748080549192052
2015,30,0.5616000000000001,0.7503244631491098
2015,31,0.0011999999999999789,0.5424451124307417
2015,32,-0.17079999999999998,0.7722656278768336
2015,33,-1.3374000000000001,0.9767265738168487
2015,34,-0.016200000000000013,2.1366162968581888
2015,35,-0.9315999999999999,2.1796374239767493
2015,36,0.9175000000000001,1.8543866011882921
2015,37,-0.07219999999999996,1.623883524148207
2015,38,-0.4936,1.4948696598700504
2015,39,0.5354,2.1224280435388145
2015,40,0.8078,0.9501764046744163
2015,41,0.07599999999999998,1.386676602528506
2015,42,0.06959999999999997,0.6726331095032417
2015,43,-0.25880000000000003,0.77786322705216
2015,44,-0.34140000000000004,1.032411400556968
2015,45,-0.6454000000000001,0.9478324218974576
2015,46,0.6696,1.088550550043497
2015,47,0.0014999999999999892,0.6236123261557082
2015,48,-0.19360000000000002,1.104839490604857
2015,49,-0.9922000000000001,0.8860415904459565
2015,50,-0.16699999999999998,1.2835928092662408
2015,51,1.0467499999999998,1.0849382086859447
2015,52,-0.38175000000000003,0.6938310913567749
2016,01,-1.424,0.994315342333608
2016,02,-0.6824,2.2282303067681313
2016,03,0.66625,2.1413603736877174
2016,04,0.651,1.8721682616688062
2016,05,-0.5542,1.73076405093242
2016,06,-0.37300000000000005,2.145065849805082
2016,07,0.7662500000000001,1.3225042848071733
2016,08,-0.23080000000000003,1.4889495290304504
2016,09,0.874,1.0189747298142384
2016,10,0.16059999999999994,1.321469371570904
2016,11,0.26080000000000003,1.3352380686604168
2016,12,-0.7955,0.41919804388856585
2016,13,0.18519999999999998,0.9957942558581064
2016,14,0.011399999999999988,1.6936795151385635
2016,15,0.5882000000000001,0.8373802600969287
2016,16,0.352,1.0031816884293692
2016,17,0.0504,0.5193315896419166
2016,18,-0.59,1.1846415069547411
2016,19,-0.2392,0.7058552967853964
2016,20,0.3964,0.8579506396057993
2016,21,0.5776,1.3357961296545218
2016,22,-0.20799999999999996,1.2337884745773888
2016,23,-0.7872,1.7011305652418336
2016,24,-0.02580000000000009,1.777031710465517
2016,25,-0.6942,6.442211825142046
2016,26,1.117,3.237709298253937
2016,27,-0.64925,1.4327668745007567
2016,28,0.6638,1.0691259046529553
2016,29,-0.02360000000000001,0.7662919156561682
2016,30,0.19380000000000003,0.35876273496560374
2016,31,-0.02340000000000002,0.7336411248014931
2016,32,0.2178,0.40283147841249944
2016,33,0.1534,0.6541034321879071
2016,34,-0.10000000000000002,0.5065629279763769
2016,35,0.5176000000000001,0.9571276299428411
2016,36,-0.60425,0.9010417581888202
2016,37,-0.3867999999999999,1.4412248957050389
2016,38,0.38680000000000003,0.8054074745121255
2016,39,0.0538,0.9180700953630937
2016,40,-0.36699999999999994,0.662784655827215
2016,41,-0.5826,0.8735406687727824
2016,42,0.148,0.7946426869983767
2016,43,-0.26420000000000005,0.24182162847851305
2016,44,-0.37520000000000003,0.42375724182602476
2016,45,0.4348000000000001,0.9918514001603265
2016,46,-0.27799999999999997,0.8243269982233992
2016,47,0.51125,0.5910016215431788
2016,48,0.042000000000000016,0.7897100733813643
2016,49,0.5422,0.5716967727738194
2016,50,-0.08739999999999999,0.7875451098191137
2016,51,-0.1344,0.3423058573848832
2016,52,0.2305,0.4822077698807158
2017,01,0.35025,0.701142579413536
2017,02,0.13599999999999998,0.569296495685684
2017,03,-0.1275,0.2842739289253706
2017,04,0.2634,0.6548425765021697
2017,05,-0.04879999999999998,0.6688424328644228
2017,06,0.20919999999999997,0.3574978321612594
2017,07,0.0758,0.34515025713448344
2017,08,0.024750000000000022,0.6201716832189831
2017,09,0.0316,0.28592708860826743
2017,10,-0.23099999999999996,0.536186068450123
2017,11,0.6274,0.9329213793241101
2017,12,-0.11639999999999999,0.17956419464915604
2017,13,0.0494,0.10790875775394693
2017,14,-0.15360000000000001,0.3084068741127538
2017,15,0.09524999999999995,0.8008084977071609
2017,16,-0.0294,0.6048299761089888
2017,17,0.4502,0.8976534409224977
2017,18,0.368,0.7378018026543443
2017,19,0.2136,0.4644010120574674
2017,20,0.44399999999999995,0.6689869206494249
2017,21,-0.2012,0.34583767868756
2017,22,0.23174999999999998,0.3451331868520711
2017,23,-0.35219999999999996,0.40205683677808535
2017,24,0.025999999999999978,0.7901907997439606
2017,25,-0.2684,0.7851323455316308
2017,26,0.1758,0.5023098645258721
2017,27,-0.105,0.23043437243605824
2017,28,0.426,0.6374743132079912
2017,29,0.018399999999999993,0.35052717441020176
2017,30,0.018799999999999983,0.5595272111345434
2017,31,0.2464,0.308951128821372
2017,32,-0.5384,0.7999989374992944
2017,33,-0.15999999999999998,0.6986139849731037
2017,34,0.23420000000000002,0.18875566216672812
2017,35,0.2434,0.3827117714416425
2017,36,0.1855,0.7062773298546873
2017,37,0.1702,0.5732344197621075
2017,38,0.17920000000000003,0.26753728712087965
2017,39,0.0064000000000000055,0.4541418280669597
2017,40,-0.10880000000000001,0.29144416274820123
2017,41,0.396,0.48443162572235104
2017,42,-0.2098,0.3016250984251808
2017,43,-0.1718,0.24186711227448845
2017,44,0.09879999999999999,0.4888401579248579
2017,45,-0.11979999999999999,0.4930605439497263
2017,46,-0.11480000000000001,0.5010710528458016
2017,47,0.37575000000000003,0.2658663511365563
2017,48,-0.015800000000000015,0.6039161365620229
2017,49,0.0692,0.42077511808565865
2017,50,0.1538,0.35151557575731973
2017,51,0.38120000000000004,0.5173390570989204
2017,52,0.34525,0.2632101505134886
2018,00,0.39625,0.4448403271587083
2018,01,0.3946,0.6772667864290999
2018,02,0.12125,0.26681501082210496
2018,03,0.31599999999999995,0.6264922186268557
2018,04,-0.8612,0.9372644770821095
2018,05,-1.0957999999999999,2.5539113531992452
2018,06,0.772,0.7264753953163177
2018,07,-0.07499999999999998,0.8087335778858202
2018,08,-0.6464000000000001,1.0022905267436184
2018,09,0.40440000000000004,0.3229702772702157
2018,10,-0.11939999999999999,0.4324197035288748
2018,11,-0.5428,0.7927973889967096
2018,12,0.6115,1.1677766624373571
2018,13,0.30100000000000005,0.936398686457857
2018,14,0.568,0.6549889312041846
2018,15,-0.004800000000000004,0.4460024663608936
2018,16,0.0392,0.4194212679395264
2018,17,-0.1486,0.39248350283801736
2018,18,0.387,0.6731355732688624
2018,19,0.09280000000000002,0.4025825381210666
2018,20,-0.39540000000000003,0.8389066098201873
2018,21,0.04849999999999999,1.399678653596365
2018,22,0.089,0.5327893580018279
2018,23,-0.257,0.7605350090561249
2018,24,-0.024400000000000022,0.9831451062788239
2018,25,-0.16560000000000002,1.1992890810809544
2018,26,0.12524999999999997,0.9422294041261926
2018,27,0.06300000000000001,1.1967752504125408
2018,28,-0.1474,0.6065573344705346
2018,29,-0.003599999999999992,0.7198119893416614
2018,30,-0.16380000000000003,0.9412691963513945
2018,31,-0.3,0.8985243458026054
2018,32,-0.2682,1.004734392762585
2018,33,0.19299999999999998,0.7964712800848504
2018,34,-0.1496,1.0634713442307695
2018,35,-0.586,0.19121889725303476
2018,36,0.2976,0.3142137807289807
2018,37,0.519,0.6542033323057901
2018,38,-0.015800000000000015,0.6755081050587032
2018,39,-0.34720000000000006,0.513717529387503
2018,40,-0.7298,0.8126590305903209
2018,41,-0.05719999999999996,1.08263922892162
2018,42,-0.6362,1.134704234591552
2018,43,0.6742,0.9710503076566116
2018,44,0.078,0.9666253152075007
2018,45,-0.4138,0.9368546845695975
2018,46,-0.33325,1.4147891185614907
2018,47,0.10199999999999998,1.2499221975787134
2018,48,-0.90425,1.3531588660119205
2018,49,-0.1062,1.2500114799472843
2018,50,-0.4558,0.4183583392260754
2018,51,0.493,1.6919208019289793
2018,52,-0.102,0.0
2019,00,0.699,1.8219025769782533
2019,01,0.4046,0.40359546578226074
2019,02,0.256,0.6964822323649039
2019,03,-0.045499999999999985,0.9141825127766701
2019,04,0.45099999999999996,0.7431308767639789
2019,05,0.05819999999999999,0.5440447591880653
2019,06,0.3344,0.7293259216564293
2019,07,0.187,0.5655528268871087
2019,08,0.1056,0.4872461390303673
2019,09,-0.20780000000000004,0.6054417395588118
2019,10,0.6918,0.6202791307145518
2019,11,-0.2742,0.7985459911614358
2019,12,0.03099999999999999,0.43230313438604634
2019,13,0.4756,0.6133423187747605
2019,14,0.08379999999999999,0.4426609311877433
2019,15,-0.09575,0.2198959981445774
2019,16,-0.1714,0.4039780934654749
2019,17,0.21180000000000004,0.9856212254208003
2019,18,-0.5156000000000001,0.921659807087192
2019,19,-0.18960000000000002,1.1378327205701195
2019,20,-0.16799999999999998,0.9830996897568426
2019,21,-0.551,0.6063717231753692
2019,22,0.6616000000000001,0.5775524218631587
2019,23,-0.16399999999999998,0.6078087692687562
2019,24,0.30300000000000005,0.6835996635458506
2019,25,0.10619999999999999,0.43601743084422667
2019,26,0.07950000000000002,0.7887147773434958
2019,27,-0.09860000000000001,0.31780229703386353
2019,28,-0.09240000000000004,0.38128506396133593
2019,29,-0.042000000000000016,0.6140574077396999
2019,30,-0.8423999999999999,0.6942775381646736
2019,31,-0.39859999999999995,1.445756998945535
2019,32,-0.18619999999999998,1.357570329669885
2019,33,-0.0035999999999999587,0.8561076451007782
2019,34,0.36679999999999996,0.2563078227444492
2019,35,0.52525,0.784875096220199
2019,36,0.41720000000000007,0.4954368779168543
2019,37,-0.04299999999999998,0.5489740431022218
2019,38,-0.1066,0.5792407098952904
2019,39,-0.506,1.5059028853149858
2019,40,0.6876,1.6055330267546661
2019,41,0.2294,0.8609034789103829
2019,42,0.2866,0.45852949741537896
2019,43,0.1364,0.5607252446608767
2019,44,-0.0484,0.38143518453336206
2019,45,0.0248,0.18710745575738022
2019,46,-0.022999999999999975,0.6052611006830028
2019,47,0.25549999999999995,0.9591352007581273
2019,48,-0.01379999999999999,1.055216423299031
2019,49,0.7242,1.1369594100054758
2019,50,0.019000000000000038,1.3726115619504304
2019,51,0.34125,0.13955972437156314
2019,52,0.179,0.9602510088513315
2020,00,-0.3805,0.7459976541518077
2020,01,-0.123,0.5664269591041726
2020,02,0.27240000000000003,0.1583234031973795
2020,03,-0.3155,0.6063643019395738
2020,04,-0.608,1.1587758627103
2020,05,-0.0012000000000000454,1.09952521571813
2020,06,0.1788,0.6698728983919262
2020,07,-0.16675,0.36913355758225685
2020,08,-2.1592,1.7526243750444646
2020,09,-0.21780000000000005,2.7138910626626114
2020,10,-3.4564,7.016072747627407
2020,11,-3.347,6.784797454603932
2020,12,3.2336,6.223923545481579
2020,13,-0.6554,3.1143998298227538
2020,14,2.61275,1.7387425293393306
2020,15,-0.08040000000000003,2.8191865493436223
2020,16,-0.28180000000000005,2.1055275348472646
2020,17,0.1202,2.7635666628471256
2020,18,0.6144000000000001,1.0055736173945695
2020,19,-0.9475999999999999,0.5119929687017196
2020,20,0.7118,2.584416704016595
2020,21,0.7185,1.3456142339714852
2020,22,1.6258,1.4188666956412783
2020,23,-1.1528,3.5771781756015453
2020,24,0.0388,0.9799299464757673
2020,25,-0.29800000000000004,2.269452907640958
2020,26,0.64225,0.4622058524077773
2020,27,-0.05780000000000003,1.6661802723595067
2020,28,0.426,1.3617652147121397
2020,29,-0.2486,0.4193057357108296
2020,30,-0.2516,1.4545629240428204
2020,31,0.44699999999999995,0.9341078631507177
2020,32,0.23279999999999995,1.3754589052385389
2020,33,-0.22279999999999997,0.6809101996592503
2020,34,0.31120000000000003,0.9944773501694244
2020,35,-0.5606000000000002,1.6252126937727258
2020,36,-0.14750000000000002,2.0228505464648974
2020,37,0.09519999999999999,0.9089181481299622
2020,38,-0.6806,1.6280526097150545
2020,39,0.4126,0.9808497846255563
2020,40,0.48979999999999996,1.1331236472689112
2020,41,-0.5306,1.2315264105978403
2020,42,0.08039999999999999,0.8028812490026155
2020,43,-1.1221999999999999,1.7964475221948455
2020,44,1.41,0.9772425492169281
2020,45,1.6634,2.492605925532554
2020,46,0.19319999999999998,0.9053864920573975
2020,47,0.318,1.1321934463685965
2020,48,0.6357999999999999,1.9265188034379526
2020,49,-0.3218,0.7253834847858062
2020,50,0.2386,0.997301759749776
2020,51,0.050499999999999996,1.4845815347542664
2020,52,-0.11625000000000002,0.8603117167631742
2021,01,1.3154,1.1287908575108145
2021,02,-0.45099999999999996,1.3595328241715974
2021,03,0.059250000000000025,0.7293752463581418
2021,04,-0.9236000000000001,1.409676487709148
2021,05,0.3952,0.6089574697792942
2021,06,0.4936,0.6598225519031612
2021,07,0.358,1.4342817017587584
2021,08,-0.3812,1.5279871399982397
2021,09,0.5955999999999999,0.93639724476314
2021,10,0.375,0.41845728575327734
2021,11,-0.302,0.5427522455043369
2021,12,0.11320000000000001,1.1412535651642013
2021,13,0.08874999999999997,0.7124330962740758
2021,14,0.279,0.8137097148246419
2021,15,0.43360000000000004,0.5537389276545401
2021,16,-0.20759999999999995,1.2527391188910801
2021,17,0.04479999999999999,0.6348024889680254
2021,18,0.8274000000000001,1.080954115584931
2021,19,-0.025,1.0640223211944382
2021,20,-0.02100000000000004,0.8512053218818595
2021,21,-0.005000000000000027,0.5057884933447973
2021,22,0.238,0.7323769521223343
2021,23,0.119,0.5024753725308336
2021,24,-0.8074,1.197610245447157
2021,25,0.5216000000000001,0.7644424765801544
2021,26,-0.1186,0.7053221249897099
2021,27,0.10725000000000001,1.5680351558558885
2021,28,-0.5232,0.4965533203997331
2021,29,0.09280000000000004,1.7531446603175678
2021,30,0.21700000000000003,0.7470087014218777
2021,31,0.2744,0.5998827385414587
2021,32,0.2886,0.5484590230819436
2021,33,-0.6104,0.7194958651722746
2021,34,0.3054,0.5808332807269225
2021,35,0.16339999999999996,0.49694848827619953
2021,36,-0.5489999999999999,0.4360298154943076
2021,37,-0.22880000000000003,1.0580171076121594
2021,38,0.13579999999999998,1.277998122064348
2021,39,-0.10699999999999998,0.9775579266723788
2021,40,0.24700000000000003,0.5296078738085377
2021,41,0.5795999999999999,0.45215683119908734
2021,42,-0.004599999999999993,0.5546974851213948
2021,43,-0.03400000000000001,0.6478599385669714
2021,44,-0.0864,0.8283014547856353
2021,45,-0.011199999999999993,0.4182077235059152
2021,46,-0.3054,0.4320177079704025
2021,47,-0.6935,1.6954524469887087
2021,48,0.11240000000000001,1.3038697404265505
2021,49,0.5002,0.8515660279743433
2021,50,-0.20539999999999997,0.8422314408759625
2021,51,0.81625,0.7279186653282999
2021,52,0.14719999999999997,0.6645093678797914
2022,01,0.5040000000000001,0.7321564040558548
2022,02,0.352,0.5855326634783067
2022,03,-0.63975,0.8759624706572765
2022,04,0.025800000000000028,0.7097222696238297
2022,05,0.24500000000000002,0.8850466089421505
2022,06,0.1822,0.5751223348123424
2022,07,-0.10699999999999994,0.9533296911352337
2022,08,-0.0030000000000000027,2.9972782097540875
2022,09,-1.6762000000000001,2.3871927446270442
2022,10,0.07460000000000003,2.092518291437377
2022,11,1.1446,0.8714374905866743
2022,12,0.3126,0.8165637145991732
2022,13,0.044599999999999994,0.9054160921918717
2022,14,0.1588,0.1888430565310782
2022,15,-0.06949999999999999,0.970995537236569
2022,16,-0.6608,1.1058904556962232
2022,17,-0.40599999999999997,1.5805788496623636
2022,18,-0.4288,1.9005958802438776
2022,19,-0.018599999999999995,2.195713733618297
2022,20,0.36,1.8413599593778507
2022,21,0.6968,0.7208166895959055
2022,22,-0.24050000000000005,1.5405986931493008
2022,23,-0.8858,1.5006284350231405
2022,24,-1.1072,2.1837103058785066
2022,25,1.0305,2.1981747731546126
2022,26,-0.3246,0.24952715283110974
2022,27,-0.32225000000000004,1.9221589207624499
2022,28,-0.2984,1.4692681171249853
2022,29,0.4154,1.1912005708527849
2022,30,0.849,1.2731898915715598
2022,31,-0.17400000000000002,0.5621316571765017
2022,32,0.4104,0.7900894253184256
2022,33,-0.4630000000000001,0.6800518362595604
2022,34,-0.5172,1.1574621808076495
2022,35,-0.9216,0.7922006059073674
2022,36,0.7967500000000001,1.2126289278533096
2022,37,-0.6444,1.7310912165452172
2022,38,-1.5202000000000002,2.263860574328729
2022,39,-0.021200000000000038,1.519938880350128
2022,40,0.35459999999999986,2.684608686568678
2022,41,-0.2598000000000001,2.2158376971249494
2022,42,0.6994,1.4701953271589459
2022,43,0.8268000000000001,0.7405725487756077
2022,44,0.35939999999999994,2.416359513814118
2022,45,0.7518,2.5991297966819586
2022,46,0.2672,0.48906206150140086
2022,47,0.714,0.9486962984362628
2022,48,0.48840000000000006,1.1174033738986113
2022,49,-0.2454,0.33388515989783074
2022,50,-0.40280000000000005,1.2923906917027839
2022,51,0.2644,0.7973018876184855
2022,52,-0.11975000000000002,0.75997779572827
2023,01,0.8345,1.1678831277144128
2023,02,0.5806,0.38334553603765875
2023,03,0.10725,0.21560979414983295
2023,04,-0.10880000000000001,0.5910716538627107
2023,05,-0.22080000000000002,0.510642438502716
2023,06,0.0954,0.7674159888873829
2023,07,0.2736,0.8823748069839711
2023,08,-0.428,0.6157429117199266
2023,09,0.2928,0.8597858454289649
2023,10,-0.7098,0.8980332399193249
2023,11,-0.7158,2.0623224044751103
2023,12,0.44939999999999997,1.2624186310412249
2023,13,0.7306,0.7262897493425059
2023,14,0.61625,0.6980751511597205
2023,15,0.30839999999999995,0.6653399882766704
2023,16,0.131,0.3090202258752653
2023,17,0.08560000000000004,0.8394628044172058
2023,18,-0.024599999999999955,1.0940970249479705
2023,19,-0.3922,0.3626592064183674
2023,20,0.0634,0.8992203845554215
2023,21,-0.5304,0.9316529933403316
2023,22,0.15075,1.1480500497219914
2023,23,0.0958,0.6331285019646485
2023,24,0.5014000000000001,0.7867955897181935
2023,25,-0.75075,0.4944541603290103
2023,26,0.22640000000000002,0.7946400442967873
2023,27,-0.7077500000000001,0.909032956864968
2023,28,0.8119999999999999,1.1040081521438148
2023,29,0.3344,0.3843667519440255
2023,30,0.0037999999999999813,0.9630878464605398
2023,31,-0.5626,0.8409419123815866
2023,32,0.094,0.5975587837192254
2023,33,-0.6407999999999999,0.5338016485549665
2023,34,0.008000000000000007,0.6337321989610438
2023,35,0.3686,0.7993736923366943
2023,36,-0.24099999999999996,0.668253943746936
2023,37,0.46420000000000006,0.8158490669235334
2023,38,-0.296,0.520740338364525
2023,39,-0.23079999999999998,0.6143168563534619
2023,40,-0.09519999999999999,1.2195692682254664
2023,41,0.1242,0.9778807186973266
2023,42,-0.5436,1.1673404816076585
2023,43,-0.39160000000000006,0.47651474268903793
2023,44,0.7336,0.8361610490808574
2023,45,-0.18519999999999998,0.37392138211126685
2023,46,0.6778000000000001,0.9968383519909334
2023,47,0.30425,0.6958770844528986
2023,48,0.2412,0.7532912451369655
2023,49,-0.1818,0.6089365319965621
2023,50,0.18519999999999998,1.3826063069435204
2023,51,0.4856,0.7594707367634385
2023,52,0.09925,0.46312228406760997
2024,00,-0.1735,0.5342224879829252
2024,01,-0.03439999999999997,0.7328453452127536
2024,02,-0.61075,1.2085
2024,03,0.42279999999999995,0.4542440973749686
2024,04,-0.10740000000000001,0.8966938161936883
2024,05,-0.1266,0.9196210088944249
2024,06,0.2708,1.1758078924722355
2024,07,0.253,0.6135514105055364
2024,08,-0.05279999999999998,0.6620809618166044
2024,09,0.24959999999999996,0.6206974303152866
2024,10,0.055399999999999984,0.5821351217715695
2024,11,0.2868,0.49636095736872776
2024,12,0.22825,0.26386533813039303
2024,13,-0.028800000000000003,0.4225833645566281
2024,14,-0.25739999999999996,0.6184175773698546
2024,15,-0.13479999999999998,0.7306980908692727
2024,16,0.7888,0.537493906942209
2024,17,0.2942,0.8582410500552861
2024,18,0.45459999999999995,0.2646833957769168
2024,19,0.3246,0.373165244898289
2024,20,-0.21679999999999996,0.716072063412615
2024,21,-0.009000000000000008,1.143355004653702
2024,22,-0.2136,0.68417380832651
2024,23,-0.18859999999999996,1.0660156190225358
2024,24,0.1445,0.6202932102374382
2024,25,-0.1296,0.6610009833578162
2024,26,0.4215,0.5328498850520661
2024,27,0.31579999999999997,0.718653045634679
2024,28,-0.2888,0.6137220054715327
2024,29,0.2888,0.9126142120304724
2024,30,-0.30360000000000004,0.9845398925386416
2024,31,-0.02899999999999996,1.5983067602935301
2024,32,0.6093999999999999,0.4918559748544283
2024,33,0.49779999999999996,1.0067523032007426
2024,34,0.07039999999999999,0.5000242994095386
2024,35,-0.69625,0.9820075950147568
2024,36,0.22480000000000003,0.48158612936836126
2024,37,0.08080000000000007,1.1119978417245242
2024,38,0.3396,0.6424276612973635
2024,39,-0.37320000000000003,0.5574726002235446
2024,40,-0.227,0.5298509224300738
2024,41,0.252,0.6495987222893838
2024,42,-0.4788,0.595368541325455
2024,43,-0.20800000000000002,0.9145050573944357
2024,44,-0.2314,1.0944511409834612
2024,45,-0.47780000000000006,0.7794932328121907
2024,46,0.39239999999999997,0.5314680611287944
2024,47,0.4465,0.6556266722253857
2024,48,0.05679999999999998,0.5141339319671481
2024,49,-0.21580000000000005,0.7620011154847478
2024,50,-0.6328,0.9121399015501953
2024,51,0.2005,0.4704568701450396
2024,52,-0.08800000000000001,0.3337544007200504
2025,00,0.10400000000000001,0.4808326112068523
2025,01,-0.35250000000000004,0.8242703844410927
2025,02,0.5284,0.800096431688081
2025,03,0.576,1.3263043893968431
2025,04,0.2514,0.8146740452475456
2025,05,0.16020000000000004,0.9325627056664876
2025,06,0.366,0.4459590788402003
2025,07,-0.12875,0.6489865817821916
2025,08,0.3724,0.5046843568013576
2025,09,0.42960000000000004,1.3006793609495
2025,10,-0.05659999999999994,1.3155737531586742
2025,11,-0.09460000000000002,0.5877255311793083
2025,12,0.032400000000000005,0.31393518439321194
2025,13,-1.5914,3.1356363468999398
2025,14,0.5972,3.702808893259278
2025,15,0.9725,0.853337565093674
2025,16,0.523,0.9874380993257248
2025,17,0.35,1.045128700208735
2025,18,-0.16019999999999998,0.490840809224335
2025,19,0.3188,0.7177406913363628
2025,20,0.5004,0.6184305134774642
2025,21,0.026999999999999996,0.6876050222814452
2025,22,0.21580000000000005,0.540393560287315
2025,23,0.03640000000000001,0.6480210644724445
2025,24,-0.44925,0.573160463279409
2025,25,0.4194,0.5437221717016881
2025,26,0.06375000000000001,0.4946300806326549
2025,27,0.05360000000000002,0.9166312235572166
2025,28,-0.05819999999999999,0.6532256118677527
2025,29,0.4208,0.716131063423449
2025,30,-0.34419999999999995,0.819611920362314
2025,31,0.294,0.2501049779592562
2025,32,0.3638,0.5917906724509943
2025,33,0.39059999999999995,0.5830830129578464
2025,34,-0.2964,0.22561094831590064
2025,35,0.057750000000000024,0.9470928764734041
2025,36,0.18840000000000004,0.6112031577143561
2025,37,-0.2774,0.40039892607248584
2025,38,0.10900000000000001,0.8360897081055358
2025,39,0.5067999999999999,0.7280543935723484
2025,40,-0.4282,0.7390532457137308
2025,41,0.16299999999999998,0.28884251764586183
2025,42,0.3366,0.55515565384854
2025,43,-0.0512,0.29135665429160873
2025,44,0.09559999999999998,0.7284701778384617
2025,45,-0.04300000000000002,0.955969926305216
2025,46,-0.32880000000000004,1.1725236458170045
2025,47,0.64375,0.7874860316221488
2025,48,0.03379999999999998,0.6332623468989769
2025,49,0.030799999999999984,0.8741010811113323
2025,50,0.505,0.6006542266562354
2025,51,0.39949999999999997,0.14460175194881517
2025,52,-0.19533333333333336,0.5628093223582329
